priority_tier,lead_id,company,contact_name,greeting,email,subject,body,notes,send_status
Fire first,MT-12,Charles Walker Construction,Andrew,"Hi Andrew,",hello@charleswalkerconstruction.co.uk,North Yorkshire Council repairs bids — a free tender read,"Hi Andrew,

You're on North Yorkshire Council's housing-repairs contractor list, so you'll know how those minor-works packs go: one line about an insurance level, an accreditation or a method statement, and a strong bid is out. At a six-person firm, that reading lands on you.

I've built Bidframe to do it for you. It reads a public-sector tender in a few minutes, pulls the pass/fail deal-breakers to the top, links each one to its exact clause, and drafts answers only where your own accreditations back them up. There's a live demo on a real council tender at https://www.bidframe.org if you'd rather see it than take my word for it.

I'm running a handful of free pilots this week and thought of Charles Walker. If you book a slot and send over a tender (a public one, or an old pack you're happy to share), I'll run it through first so we spend the call on your actual document, not a generic demo: https://cal.com/joel-jeon-o29lfr/bidframe

Joel · Bidframe",,READY
Fire first,MT-58,Rooftec (Scotland),Mark,"Hi Mark,",info@rooftecscotland.co.uk,Your next Public Contracts Scotland roofing bid — a free pre-read,"Hi Mark,

You won the Kingdom Housing re-roofing through Public Contracts Scotland, so you already know the next PCS pack turns on a handful of pass/fail lines where one miss sinks the whole bid.

I've built Bidframe to take that risk off the table. It reads the tender in minutes, lifts those deal-breakers to the top, links each to its exact clause, and drafts answers from your own accreditations and method statements, with a citation on each. You can watch it work on a real public-sector tender at https://www.bidframe.org.

I've got a few free pilots open this week. Book a slot and send me a roofing tender when you do (public, or an old pack) and I'll have it fully worked up before we talk, so the call is about your document: https://cal.com/joel-jeon-o29lfr/bidframe

Joel · Bidframe",,READY
Fire first,MT-50,Elvington Floorcraft,Andrew,"Hi Andrew,",admin@elvingtonfloorcraft.co.uk,City of York Council void/refurb bids — a free tender read,"Hi Andrew,

Flooring homes for City of York Council and York Housing Association means bidding void and refurb work where a flooring spec, an accreditation or an insurance level can be the one line that voids an otherwise strong bid.

Bidframe reads the tender and pulls those deal-breakers to the top, each linked back to its exact clause, then drafts answers from your own accreditations and method docs, citation on each. You can see it run on a real council tender at https://www.bidframe.org.

I'm doing a small number of free pilots this week. If you grab a slot and send a council or HA flooring tender when you book, I'll prep it first so the call is a proper walkthrough of your own document: https://cal.com/joel-jeon-o29lfr/bidframe

Joel · Bidframe",,READY
Fire first,MT-03,Exjet,Robin,"Hi Robin,",info@exjet.co.uk,Council & MoD drainage bids — a free tender read for Exjet?,"Hi Robin,

Bidding council and MoD drainage work means wading through compliance-heavy packs where one buried pass/fail line can sink a strong submission, and as a second-generation family firm that reading is yours to do, evenings included.

That's the job I built Bidframe for. It reads the tender in minutes, flags every pass/fail deal-breaker first, links each to the exact clause, and drafts answers straight from your own accreditation and method docs, a citation on each so you can approve in minutes. There's a live demo on a real public-sector pack at https://www.bidframe.org if you'd rather see it first.

I've a few free pilots open this week. Book a slot and send a drainage tender (public, or an old pack) and I'll pre-run it so the call is a prepared walkthrough of your real document: https://cal.com/joel-jeon-o29lfr/bidframe

Joel · Bidframe",,READY
Fire first,MT-20,Headcorn Heating,Andrew,"Hi Andrew,",mail@headcornheating.co.uk,Your Town & Country Housing heating bids — a free tender read,"Hi Andrew,

As Town & Country Housing's contractor for oil and solid-fuel heating, you're bidding HA work where an OFTEC/Gas Safe scope, an insurance level or a response time can be the pass/fail line that voids the submission. With three of you on the tools, the paperwork is the squeeze.

Bidframe reads the tender and lifts those deal-breakers to the top, each tied to its exact clause, then drafts answers from your own certifications and method docs, nothing invented. There's a quick demo on a real public-sector tender at https://www.bidframe.org if you want a look before we grab fifteen minutes.

I'm running a few free pilots this week. Book a slot and send a heating tender when you do (public, or an old pack) and I'll have it worked up before we speak: https://cal.com/joel-jeon-o29lfr/bidframe

Joel · Bidframe",,READY
Fire first,MT-89,A T Plumbing Services,Anna and Tristan,"Hi Anna and Tristan,",atplumbing@btinternet.com,Your Pembrokeshire CC / Ateb bids — a free tender read,"Hi Anna and Tristan,

Holding contracts with Pembrokeshire County Council and Ateb means bidding planned-works and adaptations where one missed pass/fail requirement voids the whole submission, and between the two of you the paperwork is the pinch point.

Bidframe reads the tender and pulls those deal-breakers to the top, each linked to its exact clause, then drafts answers from your own accreditations and method docs, a citation on each. There's a live demo on a real public-sector tender at https://www.bidframe.org if you'd like a look before booking.

I've a few free pilots open this week. Grab a slot and send a Pembrokeshire CC or Ateb tender when you do (public, or an old pack), and I'll prep it so the call is about your actual document: https://cal.com/joel-jeon-o29lfr/bidframe

Joel · Bidframe",,READY
Fire first,MT-80,Environmental Solutions Midlands (ESM),Kevin and Craig,"Hi Kevin and Craig,",enquiries@esminfo.co.uk,Your Dudley / Wolverhampton council asbestos bids — a free read,"Hi Kevin and Craig,

Handling asbestos for Cannock, Dudley and Wolverhampton Councils and Solihull Community Housing means bidding frameworks where a UKAS scope, a licence condition or an insurance level can be the pass/fail line that voids the whole submission.

Bidframe reads the tender and lifts those deal-breakers to the top, each linked to its exact clause, then drafts answers from your own accreditations and method docs, citation on each. A minute on the demo at https://www.bidframe.org shows how it surfaces the pass/fail lines an asbestos framework buries.

I'm doing a few free pilots this week. Book a slot and send a council or HA asbestos tender when you do (public, or an old pack) and I'll have it prepped before we speak: https://cal.com/joel-jeon-o29lfr/bidframe

Joel · Bidframe",,READY
Fire first,MT-87,ISCA Heating & Plumbing,Lewis,"Hi Lewis,",lewis@iscaheating-plumbing.co.uk,Your Teignbridge / East Devon DFG bids — a free pre-read,"Hi Lewis,

Fitting DFG wet rooms for Teignbridge, East Devon and Mid-Devon councils means bidding adaptation work where an OT-spec detail, a DBS clause or an insurance level can be the pass/fail line that voids the whole submission.

I built Bidframe for exactly this. It reads the tender in minutes, pulls the deal-breakers to the top, links each to its exact clause, and drafts answers from your own accreditations and method docs, a citation on each. There's a live demo on a real council tender at https://www.bidframe.org.

I've kept a few free pilot slots for firms like yours this week. Book one and send a council adaptations tender when you do (public, or an old pack) and I'll pre-run it so the call is a walkthrough of your actual document: https://cal.com/joel-jeon-o29lfr/bidframe

Joel · Bidframe",,READY
High,MT-07,Hallifax Care,Johanne,"Hi Johanne,",info@hallifaxcare.co.uk,Your Brighton & Hove Council homecare bids — a free pre-read,"Hi Johanne,

As a Brighton & Hove City Council approved contractor, you're bidding homecare frameworks where a CQC rating threshold, a staffing ratio or a single missing policy can be the pass/fail line that voids everything, and you're reading each one yourself.

I built Bidframe for exactly that. It reads the tender in minutes, surfaces the deal-breakers first, ties each to its exact clause, and drafts answers from your own policies and evidence, a citation on each. If a look helps first, https://www.bidframe.org has a live demo on a real public-sector tender.

I'm running a handful of free pilots this week. Book a slot and send a council care tender when you do (public, or a recent pack you're happy to share) and I'll pre-run it so the call is about your document: https://cal.com/joel-jeon-o29lfr/bidframe

Joel · Bidframe",,READY
High,MT-39,Blake Fire & Security Systems,Ian,"Hi Ian,",info@blakefire-security.co.uk,Your Essex school security bids — a free tender read,"Hi Ian,

Securing Essex schools like Wethersfield and Chalkwell means bidding school and MAT work where a safeguarding clause, a DBS requirement or an accreditation can be the pass/fail line that voids the whole submission.

Bidframe reads the tender in minutes, surfaces those deal-breakers first, links each to its exact clause, and drafts answers from your own accreditations and project record, citation on each. You can watch it run on a real public-sector tender at https://www.bidframe.org.

I've a few free pilots open this week. Book a slot and send a school-security tender when you do (public, or an old pack) and I'll prep it first so the call is a walkthrough of your document: https://cal.com/joel-jeon-o29lfr/bidframe

Joel · Bidframe",,READY
High,MT-63,Newseal,Phil,"Hi Phil,",enquiries@newsealltd.com,Your Cornwall Housing damp bids — a free tender read,"Hi Phil,

With Awaab's Law driving a wave of damp and mould tenders, and Cornwall Housing among your clients, one missed pass/fail requirement can void an otherwise strong bid, and as a CSRT surveyor you're doing that reading yourself.

Bidframe reads the tender and surfaces those deal-breakers first, each linked to its exact clause, then drafts answers from your own CSRT surveys and method docs, nothing invented. If you'd rather see it than take my word, https://www.bidframe.org runs the tool on a real public-sector tender.

I'm doing a few free pilots this week. Book a slot and send a council or HA damp tender when you do (public, or an old pack) and I'll have it worked up before we talk: https://cal.com/joel-jeon-o29lfr/bidframe

Joel · Bidframe",,READY
High,MT-75,AJM Decorating,Adrian,"Hi Adrian,",enquiries@ajmdecorating.co.uk,Your Kendal TC / Lancaster CC decorating bids — a free read,"Hi Adrian,

Decorating for Kendal Town Council and Lancaster City Council means bidding council and HA void frameworks where an accreditation, an insurance level or a method statement can be the one line that voids the bid, and as the owner that reading lands on your desk.

Bidframe reads the tender and pulls those deal-breakers to the top, each linked to its exact clause, then drafts answers from your own accreditations and method docs, nothing invented. You can watch it run on a real council tender at https://www.bidframe.org, so nothing hides on page 60.

I've a few free pilots this week. Book a slot and send a council or HA decorating tender when you do (public, or an old pack) and I'll prep it so the call is a walkthrough of your document: https://cal.com/joel-jeon-o29lfr/bidframe

Joel · Bidframe",,READY
High,MT-76,ALCo Decorating,Tom,"Hi Tom,",info@alcoltd.co.uk,Your school & social-housing decorating bids — a free pre-read,"Hi Tom,

Winning decorating work at Godalming College, Queen Eleanor's and Glenthorne High, and on social-housing voids, means bidding school and council tenders where one missed pass/fail line voids the whole submission.

Bidframe reads the tender in minutes, surfaces those deal-breakers first, links each to its exact clause, and drafts answers from your own accreditations and method docs, so a missed mandatory never sinks a strong bid. There's a live demo on a real public-sector tender at https://www.bidframe.org.

I'm running a few free pilots this week. Book a slot and send a school or council decorating tender when you do and I'll have it worked up before we talk: https://cal.com/joel-jeon-o29lfr/bidframe

Joel · Bidframe",,READY
High,MT-107,B L Fire Risk,Bill,"Hi Bill,",bill@blfirerisk.co.uk,Your college & social-housing FRA bids — a free tender read,"Hi Bill,

Doing fire-risk assessments for a college like Hull and for social-housing blocks means bidding council and HA FRA work where a competency or PAS 79 clause, or an insurance level, can be the pass/fail line that voids the whole submission.

I built Bidframe for the one-person practice that can't lose a week to tender-writing. It reads the tender in minutes, surfaces the deal-breakers first, links each to its exact clause, and drafts answers from your own competency and method docs, a citation on each. You can watch it run on a real public-sector tender at https://www.bidframe.org.

I've a few free pilots open this week. Book a slot and send a council or HA FRA tender when you do (public, or an old pack) and I'll pre-run it so the call is about your document: https://cal.com/joel-jeon-o29lfr/bidframe

Joel · Bidframe",,READY
High,MT-114,Brimstone Energy,Matt,"Hi Matt,",sales@brimstone-energy.uk,Your council-grant community solar bids — a free pre-read,"Hi Matt,

The Caxton Village Hall solar-and-battery job ran on a £15k South Cambridgeshire District Council grant, so as you bid more council-funded community work, one missed pass/fail requirement can void the whole submission.

Bidframe reads the tender in minutes, surfaces those deal-breakers first, links each to its exact clause, and drafts answers from your own MCS and method docs, citation on each. A quick look at https://www.bidframe.org shows how it catches the kind of gate a council-grant pack turns on.

I'm doing a few free pilots this week. Book a slot and send a council-grant solar tender when you do and I'll work it up before we speak: https://cal.com/joel-jeon-o29lfr/bidframe

Joel · Bidframe",,READY
High,MT-112,Sustainable Energy Engineering (SUS Energy),Stephen and Haley,"Hi Stephen and Haley,",info@susenergy.co.uk,Your school & community-centre solar bids — a free pre-read,"Hi Stephen and Haley,

Delivering solar for North East schools and community centres, Cragside, Dame Dorothy, Darlington College, Alnwick Community Centre, means bidding public-sector work where an MCS scope, a DBS clause or an insurance level can be the pass/fail line that voids the whole submission.

Bidframe reads the tender in minutes, surfaces those deal-breakers first, links each to its exact clause, and drafts answers from your own MCS and method docs, citation on each. There's a live demo on a real public-sector tender at https://www.bidframe.org.

I've a few free pilots open this week. Book a slot and send a school or community solar tender when you do (public, or an old pack) and I'll have it prepped before we speak: https://cal.com/joel-jeon-o29lfr/bidframe

Joel · Bidframe",,READY
High,MT-94,RenderRight,Johnny and Jenna,"Hi Johnny and Jenna,",info@rrfl.co.uk,Your council / HA retrofit bids — a free pre-read,"Hi Johnny and Jenna,

Winning retrofit work for Barking & Dagenham, Ashford and Leicester City means bidding SHDF and Warm Homes frameworks where a PAS 2035 role, a TrustMark scope or an insurance level can be the pass/fail line that voids the whole submission.

I built Bidframe so a husband-and-wife team never loses a bid on a missed mandatory. It reads the tender in minutes, surfaces the deal-breakers first, links each to its exact clause, and drafts answers from your own accreditations and method docs. You can see it run on a real public-sector tender at https://www.bidframe.org.

I'm running a few free pilots this week. Book a slot and send a retrofit framework when you do (public, or an old pack) and I'll pre-run it so the call is a walkthrough of your document: https://cal.com/joel-jeon-o29lfr/bidframe

Joel · Bidframe",,READY
High,MT-113,Solar Partner,Tony,"Hi Tony,",tony@solarpartner.uk,Your school & parish-council solar bids — a free tender read,"Hi Tony,

Installing solar for schools like Middleton and Walton High, plus parish councils, means bidding public-sector work where an MCS scope, a safeguarding clause or an insurance level can be the pass/fail line that voids the whole submission.

I built Bidframe for the owner-operator who can't spare a day on a tender. It reads the pack in minutes, surfaces the deal-breakers first, links each to its exact clause, and drafts answers from your own MCS and method docs, nothing invented. If you'd rather see it than take my word, https://www.bidframe.org runs the tool on a real public-sector tender.

I've a few free pilots open this week. Book a slot and send a school or parish-council solar tender when you do (public, or an old pack) and I'll prep it before we talk: https://cal.com/joel-jeon-o29lfr/bidframe

Joel · Bidframe",,READY
Standard,MT-88,MIserve,,"Hi there,",office@miserve.co.uk,Six Devon councils already trust you — a free read of your next bid,"Hi there,

Six Devon councils, Exeter City, Plymouth City, West Devon, South Hams, East Devon and Torridge, already trust your kitchen and bathroom adaptation work, so you're bidding frameworks where one missed pass/fail line voids the whole submission however strong the delivery.

Bidframe reads the tender in minutes, surfaces those deal-breakers first, links each to its exact clause, and drafts answers from your own accreditations and method docs, citation on each. You can watch it read a real council tender at https://www.bidframe.org, the same kind of framework your councils put out.

I'm running a few free pilots this week. Book a slot and send a council adaptations tender when you do and I'll have it worked up before we talk: https://cal.com/joel-jeon-o29lfr/bidframe

Joel · Bidframe",,READY
Standard,MT-100,Express Stairlifts Southwest,,"Hi there,",enquiries@expressstairliftssw.co.uk,Your DFG stairlift bids for 7 SW councils — a free tender read,"Hi there,

You install stairlifts on DFG jobs for seven Devon and Cornwall councils, so you're bidding adaptation work where an OT-spec detail, a DBS clause or an insurance level can be the pass/fail line that voids the whole submission.

Bidframe reads the tender in minutes, pulls those deal-breakers to the top, links each to its exact clause, and drafts answers from your own accreditations and method docs, citation on each. Have a look at https://www.bidframe.org, where it runs on a real council tender.

I've a few free pilots open this week. Book a slot and send a council DFG or stairlift tender when you do (public, or an old pack) and I'll prep it so the call is about your document: https://cal.com/joel-jeon-o29lfr/bidframe

Joel · Bidframe",,READY
Standard,MT-101,Dolphin Devon Stairlifts,,"Hi there,",info@dolphindevon.co.uk,Your council & HA adaptation bids — a free pre-read,"Hi there,

You work with six named councils plus HAs like LiveWest and Guinness Trust on adaptations, framework and DFG work where one missed pass/fail requirement voids the whole submission.

I built Bidframe for exactly this. It reads the tender in minutes, surfaces the deal-breakers first, links each to its exact clause, and drafts answers from your own accreditations and method docs, nothing invented. If it's easier to judge by seeing it, https://www.bidframe.org has a demo on a real public-sector tender.

I'm doing a few free pilots this week. Book a slot and send a council or HA adaptations tender when you do and I'll pre-run it so the call is about your document: https://cal.com/joel-jeon-o29lfr/bidframe

Joel · Bidframe",,READY
Standard,MT-13,Top Garden Services,,"Hi there,",info@topgardenservices.com,"Your Norfolk, Suffolk & East Cambs grounds tenders — a free pre-read","Hi there,

You've tendered grounds maintenance for Norfolk CC, Suffolk CC and East Cambs DC for 15+ years, so you know a single missed line, a method statement, a SafeContractor cert, a response window, can void the whole thing.

Bidframe reads a public-sector tender in minutes, surfaces those pass/fail deal-breakers first, links each to its exact clause, and drafts answers from your own accreditations and method statements, every claim cited. You can watch it read a real council tender at https://www.bidframe.org, the same kind of grounds pack you tender.

I've a few free pilots open this week. Book a slot and send a grounds tender when you do and I'll pre-run it so the whole call is on your actual document: https://cal.com/joel-jeon-o29lfr/bidframe

Joel · Bidframe",,READY
Standard,MT-24,TK Play,,"Hi there,",enquiries@tkplay.co.uk,Your town & parish council play bids — a free tender read,"Hi there,

You've built and maintained play areas for North Tawton TC, St Ives TC, Torridge DC and parish councils across Devon and Cornwall, tenders where a single EN1176 spec, inclusive-play standard or insurance level can void the whole bid.

Bidframe reads the tender in minutes, surfaces those pass/fail deal-breakers first, ties each to its exact clause, and drafts answers straight from your own 100-plus project record, a citation on each. You can see it working on a real council tender at https://www.bidframe.org.

I'm running a few free pilots this week. Book a slot and send a council play tender when you do and I'll pre-run it so we spend the call on your actual document: https://cal.com/joel-jeon-o29lfr/bidframe

Joel · Bidframe",,READY
Standard,MT-33,Aardvark Pest Control,,"Hi there,",info@aardvarkpest.co.uk,Your Wigan Council / NHS pest tenders — a free pre-read,"Hi there,

You name Wigan Council and the NHS as clients, so you're bidding public-sector pest work where a BPCA scope, a response KPI or an insurance level can be the pass/fail line that voids the whole submission.

I built Bidframe to catch exactly that. It reads the tender in minutes, surfaces the deal-breakers first, links each to its exact clause, and drafts answers from your own accreditations and method docs, nothing invented. There's a live demo on a real public-sector tender at https://www.bidframe.org.

I've a few free pilots open this week. Book a slot and send a council or NHS pest tender when you do (public, or an old pack) and I'll pre-run it so the call is about your document: https://cal.com/joel-jeon-o29lfr/bidframe

Joel · Bidframe",,READY
Standard,MT-23,Reids Playground Maintenance,,"Hi there,",rpm@reidsplayground.co.uk,Your Huntingdonshire DC play-area bids — a free pre-read,"Hi there,

You keep Huntingdonshire District Council's play areas EN1176-compliant, so you're bidding council play-maintenance where an RPII scope, a wet-pour spec or an insurance level can be the pass/fail line that bins the bid.

I built Bidframe for exactly this. It reads the tender in minutes, surfaces the deal-breakers first, links each to its exact clause, and drafts answers from your own inspection and installation records, a citation on each. If you'd like a look first, https://www.bidframe.org runs the tool on a real council tender.

I'm doing a few free pilots this week. Book a slot and send a council play tender when you do (public, or an old pack) and I'll prep it so the call is a walkthrough of your document: https://cal.com/joel-jeon-o29lfr/bidframe

Joel · Bidframe",,READY
Standard,MT-02,Cropper Grounds Maintenance,,"Hi there,",info@grounds-maintenance.com,Your Uttoxeter Town Council grounds bids — a free pre-read,"Hi there,

You've maintained grounds and gritted for Uttoxeter Town Council, plus hospitals and schools, since 2001, so you know a single missed line, a method statement, a SafeContractor cert, a response window, can void the whole tender however well you do the work.

Bidframe reads a public-sector tender in minutes, surfaces those pass/fail deal-breakers first, ties each to its exact clause, and drafts answers only where your own accreditations support the claim. You can watch it do exactly that on a real council tender at https://www.bidframe.org.

I've a few free pilots open this week. Book a slot and send a grounds or gritting tender when you do and I'll run it through beforehand so we spend the whole call on your document: https://cal.com/joel-jeon-o29lfr/bidframe

Joel · Bidframe",,READY
Standard,MT-04,H2O Hygiene,,"Hi there,",info@h2ohygiene.co.uk,The legionella clause that voids the bid — a free pilot for H2O?,"Hi there,

Your council, school and care-home water-hygiene contracts come wrapped in L8 and HSG274 detail, the kind of ITT where one missed pass/fail clause bins the whole bid however strong your service record.

Bidframe reads a public-sector tender and, in minutes, surfaces those deal-breakers first, links each to its exact clause, and drafts answers straight from your own risk-assessment and accreditation evidence, every claim cited. There's a quick demo on a real public-sector tender at https://www.bidframe.org.

I'm running a few free pilots this week. Book a slot and send a water-hygiene tender when you do (a public one is perfect) and I'll work it up first so the call is spent on your actual tender: https://cal.com/joel-jeon-o29lfr/bidframe

Joel · Bidframe",,READY
Standard,MT-64,Advanced Preservation Specialists (APS),,"Hi there,",info@advancedpreservation.co.uk,Glasgow damp & mould tenders — a free pre-read for APS,"Hi there,

You're trusted by Glasgow, Lanarkshire and Renfrewshire councils and HAs, and by NHS Scotland, for building preservation, and post-Awaab the damp and mould tenders are coming fast, each with pass/fail lines that void the bid if missed.

Bidframe reads the tender in minutes, surfaces those deal-breakers first, links each to its exact clause, and drafts answers from your own PCA surveys and method docs, every claim cited. You can see it in action on a real public-sector tender at https://www.bidframe.org before the next pack lands on your desk.

I've a few free pilots open this week. Book a slot and send a council or HA damp tender when you do and I'll pre-run it so the call is about your document: https://cal.com/joel-jeon-o29lfr/bidframe

Joel · Bidframe",,READY
Standard,MT-69,Listed Window Refurbishment,,"Hi there,",info@listedwindowrefurbishment.co.uk,Your council & heritage window bids — a free tender read,"Hi there,

You've restored windows for Edinburgh City Chambers, Scotland Street School Museum, the High School of Glasgow and Hermiston School, council and heritage work where a conservation spec, an accreditation or an insurance level can be the pass/fail line that voids the bid.

I built Bidframe for exactly this. It reads the tender in minutes, surfaces the deal-breakers first, links each to its exact clause, and drafts answers from your own past-project and accreditation evidence, a citation on each. There's a live demo on a real public-sector tender at https://www.bidframe.org.

I'm doing a few free pilots this week. Book a slot and send a council or heritage window tender when you do (public, or an old pack) and I'll pre-run it so the call is a walkthrough of your document: https://cal.com/joel-jeon-o29lfr/bidframe

Joel · Bidframe",,READY
Standard,MT-70,Sash Window Preservation,,"Hi there,",info@sashwindowpreservation.co.uk,Your Cromer TC / school glazing bids — a free pre-read,"Hi there,

You've delivered for Cromer Town Council, Gresham's School and the Norfolk & Norwich Hospital, so you're bidding council and school glazing where one missed pass/fail requirement voids the whole submission.

Bidframe reads the tender in minutes, surfaces those deal-breakers first, links each to its exact clause, and drafts answers from your own past-project evidence, a citation on each. You can see it read a real council tender at https://www.bidframe.org.

I've a few free pilots open this week. Book a slot and send a council or school glazing tender when you do and I'll pre-run it so the call is on your actual document: https://cal.com/joel-jeon-o29lfr/bidframe

Joel · Bidframe",,READY
Standard,MT-71,CJL Designs,,"Hi there,",cjldesigns@macunlimited.net,Heritage window tenders — the conservation pass/fail gates,"Hi there,

Public bodies tender heritage window restoration with strict conservation clauses, and you've done Roundway Hospital in Devizes and diocesan work across Oxford, Winchester and Guildford, so you know one missed pass/fail requirement voids the whole bid.

I built Bidframe for the specialist owner-operator who can't lose a workshop day to paperwork. It reads the tender in minutes, surfaces the deal-breakers first, links each to its exact clause, and drafts answers from your own conservation-project evidence, a citation on each. If a look helps first, https://www.bidframe.org runs the tool on a real public-sector tender.

I've a few free pilots open this week. Book a slot and send a heritage window tender when you do (public, or an old pack) and I'll pre-run it so the call is a walkthrough of your document: https://cal.com/joel-jeon-o29lfr/bidframe

Joel · Bidframe",,READY
Standard,MT-45,Harrier Fences & Landscaping,,"Hi there,",cogramp@gmail.com,Your Bisham Parish / Spinfield School fencing bids — a free read,"Hi there,

You built the Bisham Parish Council fence and the Spinfield School fencing yourself, so you're bidding council and school work where an insurance level, a DBS/safeguarding clause or a method statement can be the pass/fail line that voids the whole submission.

I built Bidframe for exactly the one-person outfit that can't spare a day on a tender. It reads the pack in minutes, surfaces the deal-breakers first, links each to its exact clause, and drafts answers from your own docs, nothing invented. There's a live demo on a real public-sector tender at https://www.bidframe.org.

I'm running a few free pilots this week. Book a slot and send a council or school fencing tender when you do (public, or an old pack) and I'll pre-run it so the call is a walkthrough of your document: https://cal.com/joel-jeon-o29lfr/bidframe

Joel · Bidframe",,READY
Standard,MT-09,Home Care Wales,,"Hi there,",info@homecarewales.com,The North Wales framework re-tender — a free pre-read?,"Hi there,

As an approved provider on the North Wales framework delivering for Anglesey Council, each re-tender puts your whole place at risk over a single pass/fail requirement, however strong your day-to-day care.

I built Bidframe to take that risk off the table. It reads the tender in minutes, surfaces the deal-breakers first, links each to its exact clause, and drafts answers from your own policies and evidence, with a citation on each. There's a live demo on a real public-sector tender at https://www.bidframe.org.

I've a few free pilots open this week. Book a slot and send the framework tender when you do (or a recent pack you're happy to share) and I'll pre-run it so the call is a walkthrough of your re-tender: https://cal.com/joel-jeon-o29lfr/bidframe

Joel · Bidframe",,READY
Standard,MT-51,Lees Heginbotham & Sons,,"Hi there,",info@leesheginbotham.co.uk,Your Rochdale Borough Housing flooring bids — a free pre-read,"Hi there,

You fit floors for Rochdale Borough Housing, Riverside and Guinness Northern Counties, HA tenders where one missed pass/fail line voids the whole submission however good the fit itself.

Bidframe reads the tender in minutes, surfaces those deal-breakers first, links each to its exact clause, and drafts answers from your own accreditations and method docs, a citation on each. If you'd like a look first, there's a live demo on a real public-sector tender at https://www.bidframe.org.

I'm doing a few free pilots this week. Book a slot and send an HA flooring tender when you do and I'll pre-run it so we spend the call on your actual document: https://cal.com/joel-jeon-o29lfr/bidframe

Joel · Bidframe",,READY
Standard,MT-115,InspireGreen,,"Hi there,",hello@inspiregreen.co.uk,Your Newport City Council solar bids — a free read,"Hi there,

You've delivered solar for Newport City Council at the Kingsway Solar Car Park, so you're bidding public-sector solar-and-storage work where one missed pass/fail requirement voids the whole submission.

I built Bidframe for exactly this. It reads the tender in minutes, surfaces the deal-breakers first, links each to its exact clause, and drafts answers from your own MCS and method docs, a citation on each. There's a live demo on a real public-sector tender at https://www.bidframe.org if you'd like to watch it turn one into a source-linked checklist.

I've a few free pilots open this week. Book a slot and send a council or NHS solar tender when you do (public, or an old pack) and I'll pre-run it so the call is about your document: https://cal.com/joel-jeon-o29lfr/bidframe

Joel · Bidframe",,READY
Standard,MT-01,Midland Fire,,"Hi there,",sales@midland-fire.co.uk,A free tender read before your next fire-safety bid — Midland Fire?,"Hi there,

You've serviced schools, colleges and government sites since 1985, so you'll know a fire-safety ITT can be won or lost on one line: a missing accreditation, or a response time you can't evidence, and an otherwise strong bid is thrown out.

Bidframe reads a UK public-sector tender and, in minutes, pulls out those pass/fail deal-breakers, links each to its exact clause, and drafts answer text only where your own certificates and method statements back it up. There's a live demo on a real public-sector tender at https://www.bidframe.org.

I'm running a few free pilots this week. Book a slot and send a tender when you do (a public one, or an old pack you're happy to share) and I'll run it through Bidframe first so the call is a worked walkthrough of your actual tender: https://cal.com/joel-jeon-o29lfr/bidframe

Joel · Bidframe",,READY
Verify first,MT-08,Devon & Cornwall Care Services (DACCS),Pauline and Samantha,"Hi Pauline and Samantha,",info@daccservices.com,Your Devon care bids — a free tender read,"Hi Pauline and Samantha,

Running the business between the two of you as a rural Devon care provider, reading every domiciliary tender by hand for the pass/fail traps is the slow, high-stakes bit, and one missed line voids the whole bid however good your CQC record.

Bidframe does that reading for you. It surfaces the deal-breakers first, links each to its exact clause, and drafts answers from your own policies and CQC evidence, every claim cited. You can see it running on a real public-sector tender at https://www.bidframe.org.

I've a few free pilots open this week. Book a slot and send a Devon care tender when you do and I'll pre-run it so we spend the call on your actual document: https://cal.com/joel-jeon-o29lfr/bidframe

Joel · Bidframe","Note: the specific ""Devon County Council"" claim is unverified; kept generic (""rural Devon""). Safe as written.",VERIFY_FIRST
Verify first,MT-57,Hall Aspects of Roofing,,"Hi there,",info@hallaspects.com,Your Middlesbrough Council / Thirteen Group roofing bids — a free read,"Hi there,

You already hold Middlesbrough Council and Thirteen Group roofing work, council and HA repairs where a CHAS scope, a RAMS clause or an insurance level can be the pass/fail line that voids the whole submission.

I built Bidframe for exactly that. It reads the tender in minutes, surfaces the deal-breakers first, links each to its exact clause, and drafts answers from your own accreditations and method docs, a citation on each. You can watch the whole thing run on a real council tender at https://www.bidframe.org.

I've a few free pilots open this week. Book a slot and send a council or HA roofing tender when you do (public, or an old pack) and I'll pre-run it so the call is a walkthrough of your document: https://cal.com/joel-jeon-o29lfr/bidframe

Joel · Bidframe","⚠️ Confirm info@hallaspects.com is live before sending (their site lists only phone + a quote form), or use the site contact form. Body is verified.",VERIFY_FIRST
Verify first,MT-40,Around The Clock Locks (ATCL),,"Hi there,",info@atcl.co.uk,Your HA & framework lock/security bids — a free pre-read,"Hi there,

As an MLA-approved commercial locksmith across Essex and East London handling housing-association and framework contracts, you're bidding work where one missed pass/fail requirement voids the whole submission however good the service.

Bidframe reads the tender and surfaces those deal-breakers first, each linked to its exact clause, then drafts answers from your own accreditations and method docs, a citation on each. If it's easier to see than to describe, https://www.bidframe.org has a live demo on a real public-sector tender.

I've a few free pilots open this week. Book a slot and send a council or HA framework you're bidding when you do and I'll pre-run it so the call is spent on your actual tender: https://cal.com/joel-jeon-o29lfr/bidframe

Joel · Bidframe",⚠️ Named public clients (Waltham Forest / Peabody / Guinness) FAILED verification and were removed. Weakest ICP fit — send last or hold.,VERIFY_FIRST
